{
    "key": "group_547309c9983de",
    "title": "Article\/Feature 3.0",
    "fields": [
        {
            "key": "field_5475ba8893b08",
            "label": "Has Hero Image or Video\/Embed",
            "name": "hero_type",
            "prefix": "",
            "type": "radio",
            "instructions": "",
            "required": 0,
            "conditional_logic": 0,
            "wrapper": {
                "width": "",
                "class": "",
                "id": ""
            },
            "choices": {
                "none": "None",
                "image": "Image or HTV video",
                "video": "Video\/Embed (Youtube, Vimeo, SoundCloud, other)"
            },
            "other_choice": 0,
            "save_other_choice": 0,
            "default_value": "",
            "layout": "horizontal"
        },
        {
            "key": "field_5475bb3e93b0b",
            "label": "Hero Image",
            "name": "hero_image",
            "prefix": "",
            "type": "image",
            "instructions": "",
            "required": 1,
            "conditional_logic": [
                [
                    {
                        "field": "field_5475ba8893b08",
                        "operator": "==",
                        "value": "image"
                    }
                ]
            ],
            "wrapper": {
                "width": "",
                "class": "",
                "id": ""
            },
            "return_format": "array",
            "preview_size": "thumbnail",
            "library": "uploadedTo"
        },
        {
            "key": "field_5475bb4f93b0c",
            "label": "Hero Video\/Embed",
            "name": "hero_video",
            "prefix": "",
            "type": "oembed",
            "instructions": "",
            "required": 1,
            "conditional_logic": [
                [
                    {
                        "field": "field_5475ba8893b08",
                        "operator": "==",
                        "value": "video"
                    }
                ]
            ],
            "wrapper": {
                "width": "",
                "class": "",
                "id": ""
            },
            "width": "100%",
            "height": "100%"
        },
        {
            "key": "field_547309d970848",
            "label": "Feature",
            "name": "feature",
            "prefix": "",
            "type": "flexible_content",
            "instructions": "",
            "required": 0,
            "conditional_logic": 0,
            "wrapper": {
                "width": "",
                "class": "",
                "id": ""
            },
            "button_label": "Add Paragraph",
            "min": 1,
            "max": "",
            "layouts": [
                {
                    "key": "547309e2b1a4d",
                    "name": "copy",
                    "label": "Copy",
                    "display": "row",
                    "sub_fields": [
                        {
                            "key": "field_54731b9d13315",
                            "label": "Copy",
                            "name": "copy",
                            "prefix": "",
                            "type": "wysiwyg",
                            "instructions": "",
                            "required": 0,
                            "conditional_logic": 0,
                            "wrapper": {
                                "width": "",
                                "class": "",
                                "id": ""
                            },
                            "default_value": "",
                            "tabs": "all",
                            "toolbar": "full",
                            "media_upload": 0
                        }
                    ],
                    "min": "",
                    "max": ""
                },
                {
                    "key": "54731bd813316",
                    "name": "image",
                    "label": "Image",
                    "display": "table",
                    "sub_fields": [
                        {
                            "key": "field_54731bdf13317",
                            "label": "Image",
                            "name": "image",
                            "prefix": "",
                            "type": "image",
                            "instructions": "",
                            "required": 0,
                            "conditional_logic": 0,
                            "wrapper": {
                                "width": "",
                                "class": "",
                                "id": ""
                            },
                            "return_format": "array",
                            "preview_size": "tiny",
                            "library": "uploadedTo"
                        },
                        {
                            "key": "field_54731c3113319",
                            "label": "Image Caption",
                            "name": "caption",
                            "prefix": "",
                            "type": "textarea",
                            "instructions": "",
                            "required": 0,
                            "conditional_logic": 0,
                            "wrapper": {
                                "width": "",
                                "class": "",
                                "id": ""
                            },
                            "default_value": "",
                            "placeholder": "",
                            "maxlength": "",
                            "rows": "",
                            "new_lines": "",
                            "readonly": 0,
                            "disabled": 0
                        }
                    ],
                    "min": "",
                    "max": ""
                },
                {
                    "key": "54731cb31331c",
                    "name": "gallery",
                    "label": "Gallery",
                    "display": "row",
                    "sub_fields": [
                        {
                            "key": "field_54735436d265f",
                            "label": "Name",
                            "name": "name",
                            "prefix": "",
                            "type": "text",
                            "instructions": "",
                            "required": 1,
                            "conditional_logic": 0,
                            "wrapper": {
                                "width": "",
                                "class": "",
                                "id": ""
                            },
                            "default_value": "Gallery",
                            "placeholder": "",
                            "prepend": "",
                            "append": "",
                            "maxlength": "",
                            "readonly": 0,
                            "disabled": 0
                        },
                        {
                            "key": "field_54731cb91331d",
                            "label": "Image",
                            "name": "gallery",
                            "prefix": "",
                            "type": "gallery",
                            "instructions": "",
                            "required": 0,
                            "conditional_logic": 0,
                            "wrapper": {
                                "width": "",
                                "class": "",
                                "id": ""
                            },
                            "min": "",
                            "max": "",
                            "preview_size": "tiny",
                            "library": "uploadedTo"
                        }
                    ],
                    "min": "",
                    "max": ""
                },
                {
                    "key": "54731db813322",
                    "name": "video",
                    "label": "Video",
                    "display": "row",
                    "sub_fields": [
                        {
                            "key": "field_54731dc613324",
                            "label": "Type",
                            "name": "type",
                            "prefix": "",
                            "type": "radio",
                            "instructions": "",
                            "required": 1,
                            "conditional_logic": 0,
                            "wrapper": {
                                "width": "",
                                "class": "",
                                "id": ""
                            },
                            "choices": {
                                "htvplayer": "HTV Player",
                                "embed": "Embedded from Youtube or Vimeo"
                            },
                            "other_choice": 0,
                            "save_other_choice": 0,
                            "default_value": "htvplayer",
                            "layout": "horizontal"
                        },
                        {
                            "key": "field_547359374be42",
                            "label": "Embed URL (YouTube, Vimeo)",
                            "name": "embed_url",
                            "prefix": "",
                            "type": "oembed",
                            "instructions": "",
                            "required": 0,
                            "conditional_logic": [
                                [
                                    {
                                        "field": "field_54731dc613324",
                                        "operator": "==",
                                        "value": "embed"
                                    }
                                ]
                            ],
                            "wrapper": {
                                "width": "",
                                "class": "",
                                "id": ""
                            },
                            "width": "100%",
                            "height": "100%"
                        },
                        {
                            "key": "field_5473594b4be43",
                            "label": "Poster",
                            "name": "poster",
                            "prefix": "",
                            "type": "image",
                            "instructions": "Please make sure to add the needed vimeo data onto the poster image.",
                            "required": 0,
                            "conditional_logic": [
                                [
                                    {
                                        "field": "field_54731dc613324",
                                        "operator": "==",
                                        "value": "htvplayer"
                                    }
                                ]
                            ],
                            "wrapper": {
                                "width": "",
                                "class": "",
                                "id": ""
                            },
                            "return_format": "array",
                            "preview_size": "thumbnail",
                            "library": "uploadedTo"
                        }
                    ],
                    "min": "",
                    "max": ""
                },
                {
                    "key": "54731c1313318",
                    "name": "question_and_answer",
                    "label": "Question and Answer",
                    "display": "row",
                    "sub_fields": [
                        {
                            "key": "field_54731c3f1331a",
                            "label": "Question",
                            "name": "question",
                            "prefix": "",
                            "type": "textarea",
                            "instructions": "",
                            "required": 0,
                            "conditional_logic": 0,
                            "wrapper": {
                                "width": "",
                                "class": "",
                                "id": ""
                            },
                            "default_value": "",
                            "placeholder": "",
                            "maxlength": "",
                            "rows": "",
                            "new_lines": "wpautop",
                            "readonly": 0,
                            "disabled": 0
                        },
                        {
                            "key": "field_54731c6f1331b",
                            "label": "Answer",
                            "name": "answer",
                            "prefix": "",
                            "type": "wysiwyg",
                            "instructions": "",
                            "required": 0,
                            "conditional_logic": 0,
                            "wrapper": {
                                "width": "",
                                "class": "",
                                "id": ""
                            },
                            "default_value": "",
                            "tabs": "all",
                            "toolbar": "basic",
                            "media_upload": 0
                        }
                    ],
                    "min": "",
                    "max": ""
                },
                {
                    "key": "54731d1913320",
                    "name": "embed_code",
                    "label": "Embed Code",
                    "display": "row",
                    "sub_fields": [
                        {
                            "key": "field_5486e2a35ccc6",
                            "label": "Embed Type",
                            "name": "embed_type",
                            "prefix": "",
                            "type": "radio",
                            "instructions": "",
                            "required": 0,
                            "conditional_logic": 0,
                            "wrapper": {
                                "width": "",
                                "class": "",
                                "id": ""
                            },
                            "choices": {
                                "oEmbed": "Embed via URL (Youtube, Vimeo, SoundCloud, other)",
                                "embed": "Embed Code"
                            },
                            "other_choice": 0,
                            "save_other_choice": 0,
                            "default_value": "",
                            "layout": "horizontal"
                        },
                        {
                            "key": "field_54731d2513321",
                            "label": "Embed Code",
                            "name": "embed_code",
                            "prefix": "",
                            "type": "textarea",
                            "instructions": "Please copy your embed code in here. Please ensure to configure the right dimensions. The embedded element should have a width of <b>100%<\/b>. Please make sure to also configure a height in px. E.g ... width=\"100%\" height=\"150\" ...",
                            "required": 0,
                            "conditional_logic": [
                                [
                                    {
                                        "field": "field_5486e2a35ccc6",
                                        "operator": "==",
                                        "value": "embed"
                                    }
                                ]
                            ],
                            "wrapper": {
                                "width": "",
                                "class": "",
                                "id": ""
                            },
                            "default_value": "",
                            "placeholder": "",
                            "maxlength": "",
                            "rows": "",
                            "new_lines": "",
                            "readonly": 0,
                            "disabled": 0
                        },
                        {
                            "key": "field_5486e2e35ccc7",
                            "label": "Embed via URL",
                            "name": "embed_oembed",
                            "prefix": "",
                            "type": "oembed",
                            "instructions": "",
                            "required": 0,
                            "conditional_logic": [
                                [
                                    {
                                        "field": "field_5486e2a35ccc6",
                                        "operator": "==",
                                        "value": "oEmbed"
                                    }
                                ]
                            ],
                            "wrapper": {
                                "width": "",
                                "class": "",
                                "id": ""
                            },
                            "width": "100%",
                            "height": "100%"
                        }
                    ],
                    "min": "",
                    "max": ""
                },
                {
                    "key": "54731cf11331e",
                    "name": "quote",
                    "label": "Quote",
                    "display": "row",
                    "sub_fields": [
                        {
                            "key": "field_54731cf71331f",
                            "label": "Quote",
                            "name": "quote",
                            "prefix": "",
                            "type": "textarea",
                            "instructions": "",
                            "required": 0,
                            "conditional_logic": 0,
                            "wrapper": {
                                "width": "",
                                "class": "",
                                "id": ""
                            },
                            "default_value": "",
                            "placeholder": "",
                            "maxlength": 250,
                            "rows": "",
                            "new_lines": "",
                            "readonly": 0,
                            "disabled": 0
                        }
                    ],
                    "min": "",
                    "max": ""
                }
            ]
        }
    ],
    "location": [
        [
            {
                "param": "htv_post",
                "operator": "==",
                "value": "htv_3"
            },
            {
                "param": "post_type",
                "operator": "==",
                "value": "article"
            }
        ]
    ],
    "menu_order": -10,
    "position": "normal",
    "style": "default",
    "label_placement": "top",
    "instruction_placement": "label",
    "hide_on_screen": [
        "the_content",
        "custom_fields",
        "format",
        "page_attributes",
        "send-trackbacks"
    ],
    "modified": 1421939693
}