{
    "key": "group_546c8e2beb890",
    "title": "Article\/Feature All",
    "fields": [
        {
            "key": "field_5984aaeb3c4fb",
            "label": "Redirect to first selected Section?",
            "name": "is_section_redirect",
            "type": "radio",
            "instructions": "",
            "required": 0,
            "conditional_logic": 0,
            "wrapper": {
                "width": "",
                "class": "",
                "id": ""
            },
            "choices": {
                "no": "No",
                "yes": "Yes"
            },
            "other_choice": 0,
            "save_other_choice": 0,
            "default_value": "no",
            "layout": "horizontal",
            "allow_null": 0,
            "return_format": "value"
        },
        {
            "key": "field_54770e472ca3a",
            "label": "Hide On Mobile Phones",
            "name": "hide_on_mobile_phones",
            "type": "radio",
            "instructions": "If yes the feature will not be listed in feature streams on mobile phones.",
            "required": 0,
            "conditional_logic": 0,
            "wrapper": {
                "width": "",
                "class": "",
                "id": ""
            },
            "choices": {
                "no": "No",
                "yes": "Yes"
            },
            "other_choice": 0,
            "save_other_choice": 0,
            "default_value": "no",
            "layout": "horizontal",
            "allow_null": 0,
            "return_format": "value"
        },
        {
            "key": "field_5566e49e7d8ab",
            "label": "Hide on Homepage",
            "name": "hide_on_hp",
            "type": "radio",
            "instructions": "Hide feature from the homepage's feature stream",
            "required": 0,
            "conditional_logic": 0,
            "wrapper": {
                "width": "",
                "class": "",
                "id": ""
            },
            "choices": {
                "no": "No",
                "yes": "Yes"
            },
            "other_choice": 0,
            "save_other_choice": 0,
            "default_value": "no",
            "layout": "horizontal",
            "allow_null": 0,
            "return_format": "value"
        },
        {
            "key": "field_4f956387bdf0f",
            "label": "Excerpt",
            "name": "article_excerpt",
            "type": "wysiwyg",
            "instructions": "",
            "required": 1,
            "conditional_logic": 0,
            "wrapper": {
                "width": "",
                "class": "",
                "id": ""
            },
            "default_value": "",
            "toolbar": "basic",
            "media_upload": 0,
            "the_content": "yes",
            "tabs": "all",
            "delay": 0
        },
        {
            "key": "field_4f956387be514",
            "label": "Featured",
            "name": "article_featured",
            "type": "true_false",
            "instructions": "",
            "required": 0,
            "conditional_logic": 0,
            "wrapper": {
                "width": "",
                "class": "",
                "id": ""
            },
            "message": "Show the article in the section's featured accordion",
            "default_value": 0,
            "ui": 0,
            "ui_on_text": "",
            "ui_off_text": ""
        },
        {
            "key": "field_4fb0fe5898c78",
            "label": "Featured on Home",
            "name": "article_home_featured",
            "type": "true_false",
            "instructions": "",
            "required": 0,
            "conditional_logic": 0,
            "wrapper": {
                "width": "",
                "class": "",
                "id": ""
            },
            "message": "Show the article in the home page's featured accordion",
            "default_value": 0,
            "ui": 0,
            "ui_on_text": "",
            "ui_off_text": ""
        },
        {
            "key": "field_4f956387be9d0",
            "label": "Credits",
            "name": "article_info",
            "type": "textarea",
            "instructions": "Please place one entry per line and the @@@ place holder to separate label from value (e.g.: Director@@@Rankin)",
            "required": 0,
            "conditional_logic": 0,
            "wrapper": {
                "width": "",
                "class": "",
                "id": ""
            },
            "default_value": "",
            "new_lines": "",
            "maxlength": "",
            "placeholder": "",
            "readonly": 0,
            "disabled": 0,
            "rows": ""
        },
        {
            "key": "field_4fa3bd38f33e4",
            "label": "Related Articles",
            "name": "related_articles",
            "type": "relationship",
            "instructions": "Hand pick related articles with the interface below to override the tag based automatic selection of related articles.",
            "required": 0,
            "conditional_logic": 0,
            "wrapper": {
                "width": "",
                "class": "",
                "id": ""
            },
            "post_type": [
                "article"
            ],
            "taxonomy": [
                "section:art-culture",
                "section:beauty",
                "section:fashion",
                "section:film",
                "section:music",
                "section:news",
                "section:photography",
                "section:art",
                "section:culture",
                "section:shorts",
                "section:mixtapes",
                "section:films",
                "section:interview",
                "section:dirty-video-music",
                "section:fashion-beauty",
                "section:fashion-week",
                "section:fashion-photography"
            ],
            "filters": [
                "search",
                "post_type",
                "taxonomy"
            ],
            "elements": "",
            "max": "",
            "return_format": "object",
            "min": 0
        },
        {
            "key": "field_4fb107be11afa",
            "label": "Accordion Image",
            "name": "accordion_image",
            "type": "image",
            "instructions": "",
            "required": 0,
            "conditional_logic": 0,
            "wrapper": {
                "width": "",
                "class": "",
                "id": ""
            },
            "preview_size": "thumbnail",
            "return_format": "id",
            "library": "all",
            "min_width": 0,
            "min_height": 0,
            "min_size": 0,
            "max_width": 0,
            "max_height": 0,
            "max_size": 0,
            "mime_types": ""
        },
        {
            "key": "field_2",
            "label": "Animated Gif Featured Image",
            "name": "animated_gif",
            "type": "image",
            "instructions": "",
            "required": 0,
            "conditional_logic": 0,
            "wrapper": {
                "width": "",
                "class": "",
                "id": ""
            },
            "preview_size": "1column",
            "return_format": "id",
            "library": "all",
            "min_width": 0,
            "min_height": 0,
            "min_size": 0,
            "max_width": 0,
            "max_height": 0,
            "max_size": 0,
            "mime_types": ""
        }
    ],
    "location": [
        [
            {
                "param": "post_type",
                "operator": "==",
                "value": "article"
            }
        ]
    ],
    "menu_order": -5,
    "position": "normal",
    "style": "default",
    "label_placement": "top",
    "instruction_placement": "label",
    "hide_on_screen": [
        "custom_fields",
        "author"
    ],
    "active": 1,
    "description": "",
    "modified": 1532434091
}