{
    "key": "group_546c8e2c588c6",
    "title": "Page",
    "fields": [
        {
            "key": "field_4f955447a671e",
            "label": "First Column",
            "name": "first_column",
            "type": "wysiwyg",
            "instructions": "",
            "required": 1,
            "conditional_logic": 0,
            "wrapper": {
                "width": "",
                "class": "",
                "id": ""
            },
            "default_value": "",
            "toolbar": "full",
            "media_upload": 1,
            "the_content": "yes",
            "tabs": "all",
            "delay": 0
        },
        {
            "key": "field_4f955447a6d4f",
            "label": "Second Column",
            "name": "second_column",
            "type": "wysiwyg",
            "instructions": "",
            "required": 0,
            "conditional_logic": 0,
            "wrapper": {
                "width": "",
                "class": "",
                "id": ""
            },
            "default_value": "",
            "toolbar": "full",
            "media_upload": 1,
            "the_content": "yes",
            "tabs": "all",
            "delay": 0
        },
        {
            "key": "field_4f955447a73ce",
            "label": "Third Column",
            "name": "third_column",
            "type": "wysiwyg",
            "instructions": "",
            "required": 0,
            "conditional_logic": 0,
            "wrapper": {
                "width": "",
                "class": "",
                "id": ""
            },
            "default_value": "",
            "toolbar": "full",
            "media_upload": 1,
            "the_content": "yes",
            "tabs": "all",
            "delay": 0
        }
    ],
    "location": [
        [
            {
                "param": "post_type",
                "operator": "==",
                "value": "page"
            },
            {
                "param": "page_path",
                "operator": "!=",
                "value": "about"
            },
            {
                "param": "page_path",
                "operator": "!=",
                "value": "about"
            },
            {
                "param": "page_path",
                "operator": "!=",
                "value": "about"
            },
            {
                "param": "page_path",
                "operator": "!=",
                "value": "video-player-endcards"
            },
            {
                "param": "page_path",
                "operator": "!=",
                "value": "home-page"
            }
        ]
    ],
    "menu_order": 0,
    "position": "normal",
    "style": "default",
    "label_placement": "top",
    "instruction_placement": "label",
    "hide_on_screen": [
        "the_content",
        "custom_fields",
        "discussion",
        "comments",
        "author"
    ],
    "active": 1,
    "description": "",
    "modified": 1529988243
}