{
    "key": "group_546c8e2c541d9",
    "title": "Issue",
    "fields": [
        {
            "key": "field_1",
            "label": "Featured Features",
            "name": "featured_features",
            "type": "relationship",
            "instructions": "",
            "required": 1,
            "conditional_logic": 0,
            "wrapper": {
                "width": "",
                "class": "",
                "id": ""
            },
            "post_type": [
                "article"
            ],
            "taxonomy": [],
            "max": 6,
            "filters": [
                "search",
                "post_type",
                "taxonomy"
            ],
            "elements": [],
            "return_format": "object",
            "min": 0
        },
        {
            "key": "field_58cac398c75b8",
            "label": "Buy Now Title",
            "name": "buy_now_title",
            "type": "text",
            "instructions": "E.g.: HUNGER ISSUE 12",
            "required": 0,
            "conditional_logic": 0,
            "wrapper": {
                "width": "",
                "class": "",
                "id": ""
            },
            "default_value": "",
            "placeholder": "",
            "prepend": "",
            "append": "",
            "maxlength": "",
            "readonly": 0,
            "disabled": 0
        },
        {
            "key": "field_58cac385c75b7",
            "label": "Buy Now URL",
            "name": "buy_now_url",
            "type": "url",
            "instructions": "",
            "required": 0,
            "conditional_logic": 0,
            "wrapper": {
                "width": "",
                "class": "",
                "id": ""
            },
            "default_value": "",
            "placeholder": ""
        },
        {
            "key": "field_58cac3bfc75b9",
            "label": "Buy Now GIF",
            "name": "buy_now_gif",
            "type": "image",
            "instructions": "",
            "required": 0,
            "conditional_logic": 0,
            "wrapper": {
                "width": "",
                "class": "",
                "id": ""
            },
            "return_format": "array",
            "preview_size": "thumbnail",
            "library": "all",
            "min_width": "",
            "min_height": "",
            "min_size": "",
            "max_width": "",
            "max_height": "",
            "max_size": "",
            "mime_types": ""
        }
    ],
    "location": [
        [
            {
                "param": "post_type",
                "operator": "==",
                "value": "issue"
            }
        ]
    ],
    "menu_order": 0,
    "position": "normal",
    "style": "seamless",
    "label_placement": "top",
    "instruction_placement": "label",
    "hide_on_screen": [
        "excerpt",
        "custom_fields",
        "discussion",
        "comments",
        "revisions",
        "slug",
        "author",
        "format",
        "page_attributes",
        "categories",
        "tags",
        "send-trackbacks"
    ],
    "modified": 1489683408
}