{
    "key": "group_5b6af03b738ce",
    "title": "Partnership Builder",
    "fields": [
        {
            "key": "field_5b6af03b7d16d",
            "label": "Standfirst",
            "name": "standfirst",
            "type": "textarea",
            "instructions": "",
            "required": 0,
            "conditional_logic": 0,
            "wrapper": {
                "width": "",
                "class": "",
                "id": ""
            },
            "default_value": "",
            "placeholder": "",
            "maxlength": "",
            "rows": "",
            "new_lines": ""
        },
        {
            "key": "field_5b6af03b7d191",
            "label": "Article Builder",
            "name": "article_builder",
            "type": "flexible_content",
            "instructions": "",
            "required": 0,
            "conditional_logic": 0,
            "wrapper": {
                "width": "",
                "class": "",
                "id": ""
            },
            "layouts": {
                "5b239d821976b": {
                    "key": "5b239d821976b",
                    "name": "paragraphs",
                    "label": "Paragraphs",
                    "display": "block",
                    "sub_fields": [
                        {
                            "key": "field_5b6af03b85d6c",
                            "label": "Paragraphs",
                            "name": "paragraphs",
                            "type": "wysiwyg",
                            "instructions": "",
                            "required": 0,
                            "conditional_logic": 0,
                            "wrapper": {
                                "width": "",
                                "class": "",
                                "id": ""
                            },
                            "default_value": "",
                            "tabs": "all",
                            "toolbar": "full",
                            "media_upload": 1,
                            "delay": 0
                        }
                    ],
                    "min": "",
                    "max": ""
                },
                "5b6b0f227a5d3": {
                    "key": "5b6b0f227a5d3",
                    "name": "indented_paragraphs",
                    "label": "Indented Paragraphs",
                    "display": "block",
                    "sub_fields": [
                        {
                            "key": "field_5b6b0f227a5d4",
                            "label": "Paragraphs",
                            "name": "paragraphs",
                            "type": "wysiwyg",
                            "instructions": "",
                            "required": 0,
                            "conditional_logic": 0,
                            "wrapper": {
                                "width": "",
                                "class": "",
                                "id": ""
                            },
                            "default_value": "",
                            "tabs": "all",
                            "toolbar": "full",
                            "media_upload": 1,
                            "delay": 0
                        }
                    ],
                    "min": "",
                    "max": ""
                },
                "5b23a20628da5": {
                    "key": "5b23a20628da5",
                    "name": "youtube_video",
                    "label": "YouTube Video",
                    "display": "block",
                    "sub_fields": [
                        {
                            "key": "field_5b6af03b85d8e",
                            "label": "YouTube Video",
                            "name": "youtube_video",
                            "type": "oembed",
                            "instructions": "",
                            "required": 0,
                            "conditional_logic": 0,
                            "wrapper": {
                                "width": "",
                                "class": "",
                                "id": ""
                            },
                            "width": "",
                            "height": ""
                        },
                        {
                            "key": "field_5b6af03b85da4",
                            "label": "YouTube Display Options",
                            "name": "youtube_display_options",
                            "type": "select",
                            "instructions": "",
                            "required": 0,
                            "conditional_logic": 0,
                            "wrapper": {
                                "width": "",
                                "class": "",
                                "id": ""
                            },
                            "choices": {
                                "inline": "Inline",
                                "full-width": "Full Width"
                            },
                            "default_value": [],
                            "allow_null": 0,
                            "multiple": 0,
                            "ui": 0,
                            "ajax": 0,
                            "return_format": "value",
                            "placeholder": ""
                        }
                    ],
                    "min": "",
                    "max": ""
                },
                "5b23a23e28dd2": {
                    "key": "5b23a23e28dd2",
                    "name": "image",
                    "label": "Image",
                    "display": "block",
                    "sub_fields": [
                        {
                            "key": "field_5b6af03b85dcd",
                            "label": "Image",
                            "name": "image",
                            "type": "image",
                            "instructions": "",
                            "required": 0,
                            "conditional_logic": 0,
                            "wrapper": {
                                "width": "",
                                "class": "",
                                "id": ""
                            },
                            "return_format": "array",
                            "preview_size": "thumbnail",
                            "library": "all",
                            "min_width": "",
                            "min_height": "",
                            "min_size": "",
                            "max_width": "",
                            "max_height": "",
                            "max_size": "",
                            "mime_types": ""
                        },
                        {
                            "key": "field_5b6af03b85de1",
                            "label": "Image Credit",
                            "name": "image_credit",
                            "type": "text",
                            "instructions": "",
                            "required": 0,
                            "conditional_logic": 0,
                            "wrapper": {
                                "width": "",
                                "class": "",
                                "id": ""
                            },
                            "default_value": "",
                            "placeholder": "",
                            "prepend": "",
                            "append": "",
                            "maxlength": ""
                        },
                        {
                            "key": "field_5b6af03b85df4",
                            "label": "Image Display Options",
                            "name": "image_display_options",
                            "type": "select",
                            "instructions": "",
                            "required": 0,
                            "conditional_logic": 0,
                            "wrapper": {
                                "width": "",
                                "class": "",
                                "id": ""
                            },
                            "choices": {
                                "inline": "Inline",
                                "full-bleed": "Full Bleed"
                            },
                            "default_value": [],
                            "allow_null": 0,
                            "multiple": 0,
                            "ui": 0,
                            "ajax": 0,
                            "return_format": "value",
                            "placeholder": ""
                        }
                    ],
                    "min": "",
                    "max": ""
                },
                "5b23ab0aba392": {
                    "key": "5b23ab0aba392",
                    "name": "freeform_html",
                    "label": "Freeform HTML",
                    "display": "block",
                    "sub_fields": [
                        {
                            "key": "field_5b6af03b85ea7",
                            "label": "Freeform HTML",
                            "name": "freeform_html",
                            "type": "wysiwyg",
                            "instructions": "",
                            "required": 0,
                            "conditional_logic": 0,
                            "wrapper": {
                                "width": "",
                                "class": "",
                                "id": ""
                            },
                            "default_value": "",
                            "tabs": "text",
                            "toolbar": "full",
                            "media_upload": 1,
                            "delay": 0
                        }
                    ],
                    "min": "",
                    "max": ""
                },
                "5b2b91c648bbe": {
                    "key": "5b2b91c648bbe",
                    "name": "subheader",
                    "label": "Subheader",
                    "display": "block",
                    "sub_fields": [
                        {
                            "key": "field_5b6af03b85ebb",
                            "label": "Subheader",
                            "name": "subheader",
                            "type": "text",
                            "instructions": "",
                            "required": 0,
                            "conditional_logic": 0,
                            "wrapper": {
                                "width": "",
                                "class": "",
                                "id": ""
                            },
                            "default_value": "",
                            "placeholder": "",
                            "prepend": "",
                            "append": "",
                            "maxlength": ""
                        }
                    ],
                    "min": "",
                    "max": ""
                },
                "5b5315e5fec3b": {
                    "key": "5b5315e5fec3b",
                    "name": "gallery",
                    "label": "Gallery",
                    "display": "block",
                    "sub_fields": [
                        {
                            "key": "field_5b6af03b85ee2",
                            "label": "Image",
                            "name": "image",
                            "type": "gallery",
                            "instructions": "",
                            "required": 0,
                            "conditional_logic": 0,
                            "wrapper": {
                                "width": "",
                                "class": "",
                                "id": ""
                            },
                            "min": "",
                            "max": "",
                            "insert": "append",
                            "library": "all",
                            "min_width": "",
                            "min_height": "",
                            "min_size": "",
                            "max_width": "",
                            "max_height": "",
                            "max_size": "",
                            "mime_types": ""
                        }
                    ],
                    "min": "",
                    "max": ""
                },
                "5b6b0f597a5d5": {
                    "key": "5b6b0f597a5d5",
                    "name": "two_column_-_image_left",
                    "label": "Two Column - Image Left",
                    "display": "block",
                    "sub_fields": [
                        {
                            "key": "field_5b6b0f637a5d6",
                            "label": "Image",
                            "name": "image",
                            "type": "image",
                            "instructions": "",
                            "required": 0,
                            "conditional_logic": 0,
                            "wrapper": {
                                "width": "",
                                "class": "",
                                "id": ""
                            },
                            "return_format": "array",
                            "preview_size": "thumbnail",
                            "library": "all",
                            "min_width": "",
                            "min_height": "",
                            "min_size": "",
                            "max_width": "",
                            "max_height": "",
                            "max_size": "",
                            "mime_types": ""
                        },
                        {
                            "key": "field_5b6b0f6d7a5d7",
                            "label": "Text",
                            "name": "text",
                            "type": "wysiwyg",
                            "instructions": "",
                            "required": 0,
                            "conditional_logic": 0,
                            "wrapper": {
                                "width": "",
                                "class": "",
                                "id": ""
                            },
                            "default_value": "",
                            "tabs": "all",
                            "toolbar": "full",
                            "media_upload": 1,
                            "delay": 0
                        }
                    ],
                    "min": "",
                    "max": ""
                },
                "5b6b0f797a5d8": {
                    "key": "5b6b0f797a5d8",
                    "name": "two_column_-_image_right",
                    "label": "Two Column - Image Right",
                    "display": "block",
                    "sub_fields": [
                        {
                            "key": "field_5b6b0f797a5da",
                            "label": "Text",
                            "name": "text",
                            "type": "wysiwyg",
                            "instructions": "",
                            "required": 0,
                            "conditional_logic": 0,
                            "wrapper": {
                                "width": "",
                                "class": "",
                                "id": ""
                            },
                            "default_value": "",
                            "tabs": "all",
                            "toolbar": "full",
                            "media_upload": 1,
                            "delay": 0
                        },
                        {
                            "key": "field_5b6b0f797a5d9",
                            "label": "Image",
                            "name": "image",
                            "type": "image",
                            "instructions": "",
                            "required": 0,
                            "conditional_logic": 0,
                            "wrapper": {
                                "width": "",
                                "class": "",
                                "id": ""
                            },
                            "return_format": "array",
                            "preview_size": "thumbnail",
                            "library": "all",
                            "min_width": "",
                            "min_height": "",
                            "min_size": "",
                            "max_width": "",
                            "max_height": "",
                            "max_size": "",
                            "mime_types": ""
                        },
                        {
                            "key": "field_5b6b108aed650",
                            "label": "Text is credits",
                            "name": "text_is_credits",
                            "type": "select",
                            "instructions": "Select yes if you'd like text to appear as credits",
                            "required": 0,
                            "conditional_logic": 0,
                            "wrapper": {
                                "width": "",
                                "class": "",
                                "id": ""
                            },
                            "choices": {
                                "yes": "Yes",
                                "no": "No"
                            },
                            "default_value": [
                                "no"
                            ],
                            "allow_null": 0,
                            "multiple": 0,
                            "ui": 0,
                            "ajax": 0,
                            "return_format": "value",
                            "placeholder": ""
                        }
                    ],
                    "min": "",
                    "max": ""
                }
            },
            "button_label": "Add Row",
            "min": "",
            "max": ""
        },
        {
            "key": "field_5b6af03b7d1ef",
            "label": "Excerpt",
            "name": "article_excerpt",
            "type": "wysiwyg",
            "instructions": "",
            "required": 1,
            "conditional_logic": 0,
            "wrapper": {
                "width": "",
                "class": "",
                "id": ""
            },
            "default_value": "",
            "tabs": "all",
            "toolbar": "full",
            "media_upload": 1,
            "delay": 0
        }
    ],
    "location": [
        [
            {
                "param": "post_type",
                "operator": "==",
                "value": "partnership"
            }
        ]
    ],
    "menu_order": 0,
    "position": "normal",
    "style": "default",
    "label_placement": "top",
    "instruction_placement": "label",
    "hide_on_screen": [
        "the_content"
    ],
    "active": 1,
    "description": "",
    "modified": 1533749683
}