{
    "key": "group_5b239cfd4096e",
    "title": "Article Builder",
    "fields": [
        {
            "key": "field_5b23cfc3998f3",
            "label": "Standfirst",
            "name": "standfirst",
            "type": "textarea",
            "instructions": "",
            "required": 0,
            "conditional_logic": 0,
            "wrapper": {
                "width": "",
                "class": "",
                "id": ""
            },
            "default_value": "",
            "placeholder": "",
            "maxlength": "",
            "rows": "",
            "new_lines": ""
        },
        {
            "key": "field_5b239d6779861",
            "label": "Article Builder",
            "name": "article_builder",
            "type": "flexible_content",
            "instructions": "",
            "required": 0,
            "conditional_logic": 0,
            "wrapper": {
                "width": "",
                "class": "",
                "id": ""
            },
            "layouts": {
                "5b239d821976b": {
                    "key": "5b239d821976b",
                    "name": "paragraphs",
                    "label": "Paragraphs",
                    "display": "block",
                    "sub_fields": [
                        {
                            "key": "field_5b239d9a79863",
                            "label": "Paragraphs",
                            "name": "paragraphs",
                            "type": "wysiwyg",
                            "instructions": "",
                            "required": 0,
                            "conditional_logic": 0,
                            "wrapper": {
                                "width": "",
                                "class": "",
                                "id": ""
                            },
                            "default_value": "",
                            "tabs": "all",
                            "toolbar": "full",
                            "media_upload": 1,
                            "delay": 0
                        }
                    ],
                    "min": "",
                    "max": ""
                },
                "5b23a20628da5": {
                    "key": "5b23a20628da5",
                    "name": "youtube_video",
                    "label": "YouTube Video",
                    "display": "block",
                    "sub_fields": [
                        {
                            "key": "field_5b23a26e28de5",
                            "label": "YouTube Video",
                            "name": "youtube_video",
                            "type": "oembed",
                            "instructions": "",
                            "required": 0,
                            "conditional_logic": 0,
                            "wrapper": {
                                "width": "",
                                "class": "",
                                "id": ""
                            },
                            "width": "",
                            "height": ""
                        },
                        {
                            "key": "field_5b23a28228de6",
                            "label": "YouTube Display Options",
                            "name": "youtube_display_options",
                            "type": "select",
                            "instructions": "",
                            "required": 0,
                            "conditional_logic": 0,
                            "wrapper": {
                                "width": "",
                                "class": "",
                                "id": ""
                            },
                            "choices": {
                                "inline": "Inline",
                                "full-width": "Full Width"
                            },
                            "default_value": [],
                            "allow_null": 0,
                            "multiple": 0,
                            "ui": 0,
                            "ajax": 0,
                            "return_format": "value",
                            "placeholder": ""
                        }
                    ],
                    "min": "",
                    "max": ""
                },
                "5b23a23028dbc": {
                    "key": "5b23a23028dbc",
                    "name": "spotify_audio",
                    "label": "Spotify Audio",
                    "display": "block",
                    "sub_fields": [
                        {
                            "key": "field_5b23a23128dc0",
                            "label": "Spotify Audio",
                            "name": "spotify_audio",
                            "type": "text",
                            "instructions": "",
                            "required": 0,
                            "conditional_logic": 0,
                            "wrapper": {
                                "width": "",
                                "class": "",
                                "id": ""
                            },
                            "default_value": "",
                            "placeholder": "",
                            "prepend": "",
                            "append": "",
                            "maxlength": ""
                        }
                    ],
                    "min": "",
                    "max": ""
                },
                "5b23a23e28dd2": {
                    "key": "5b23a23e28dd2",
                    "name": "image",
                    "label": "Image",
                    "display": "block",
                    "sub_fields": [
                        {
                            "key": "field_5b23a35460bad",
                            "label": "Image",
                            "name": "image",
                            "type": "image",
                            "instructions": "",
                            "required": 0,
                            "conditional_logic": 0,
                            "wrapper": {
                                "width": "",
                                "class": "",
                                "id": ""
                            },
                            "return_format": "array",
                            "preview_size": "thumbnail",
                            "library": "all",
                            "min_width": "",
                            "min_height": "",
                            "min_size": "",
                            "max_width": "",
                            "max_height": "",
                            "max_size": "",
                            "mime_types": ""
                        },
                        {
                            "key": "field_5b23a36660bae",
                            "label": "Image Credit",
                            "name": "image_credit",
                            "type": "text",
                            "instructions": "",
                            "required": 0,
                            "conditional_logic": 0,
                            "wrapper": {
                                "width": "",
                                "class": "",
                                "id": ""
                            },
                            "default_value": "",
                            "placeholder": "",
                            "prepend": "",
                            "append": "",
                            "maxlength": ""
                        },
                        {
                            "key": "field_5b23a37260baf",
                            "label": "Image Display Options",
                            "name": "image_display_options",
                            "type": "select",
                            "instructions": "",
                            "required": 0,
                            "conditional_logic": 0,
                            "wrapper": {
                                "width": "",
                                "class": "",
                                "id": ""
                            },
                            "choices": {
                                "inline": "Inline",
                                "full-bleed": "Full Bleed"
                            },
                            "default_value": [],
                            "allow_null": 0,
                            "multiple": 0,
                            "ui": 0,
                            "ajax": 0,
                            "return_format": "value",
                            "placeholder": ""
                        }
                    ],
                    "min": "",
                    "max": ""
                },
                "5b23a34760b9b": {
                    "key": "5b23a34760b9b",
                    "name": "call_to_action",
                    "label": "Call To Action",
                    "display": "block",
                    "sub_fields": [
                        {
                            "key": "field_5b23a34760ba0",
                            "label": "Call To Action",
                            "name": "call_to_action",
                            "type": "wysiwyg",
                            "instructions": "",
                            "required": 0,
                            "conditional_logic": 0,
                            "wrapper": {
                                "width": "",
                                "class": "",
                                "id": ""
                            },
                            "default_value": "Like [first tag]? Join our <a href=\"https:\/\/hungertv.us5.list-manage.com\/subscribe?u=dfaed807bb259c614199d67a0&id=1b5d9b1f65\" target=\"_blank\">newsletter<\/a>",
                            "tabs": "all",
                            "toolbar": "full",
                            "media_upload": 1,
                            "delay": 0
                        }
                    ],
                    "min": "",
                    "max": ""
                },
                "5b23a976ba35c": {
                    "key": "5b23a976ba35c",
                    "name": "pullquote",
                    "label": "Pullquote",
                    "display": "block",
                    "sub_fields": [
                        {
                            "key": "field_5b23a9f8ba377",
                            "label": "Pullquote",
                            "name": "pullquote",
                            "type": "text",
                            "instructions": "",
                            "required": 0,
                            "conditional_logic": 0,
                            "wrapper": {
                                "width": "",
                                "class": "",
                                "id": ""
                            },
                            "default_value": "",
                            "placeholder": "",
                            "prepend": "",
                            "append": "",
                            "maxlength": ""
                        },
                        {
                            "key": "field_5b23aa04ba378",
                            "label": "Add Tweet this quote",
                            "name": "add_tweet_this_quote",
                            "type": "select",
                            "instructions": "",
                            "required": 0,
                            "conditional_logic": 0,
                            "wrapper": {
                                "width": "",
                                "class": "",
                                "id": ""
                            },
                            "choices": {
                                "yes": "Yes",
                                "no": "No"
                            },
                            "default_value": [],
                            "allow_null": 0,
                            "multiple": 0,
                            "ui": 0,
                            "ajax": 0,
                            "return_format": "value",
                            "placeholder": ""
                        },
                        {
                            "key": "field_5b23aa23ba379",
                            "label": "Pullquote Display Options",
                            "name": "pullquote_display_options",
                            "type": "select",
                            "instructions": "Note: If you select to add the pullquote to the right column, it will be added to the right of content above. Please make sure the content above is not full width.",
                            "required": 0,
                            "conditional_logic": 0,
                            "wrapper": {
                                "width": "",
                                "class": "",
                                "id": ""
                            },
                            "choices": {
                                "full-width": "Full Width",
                                "right-col": "Right Column"
                            },
                            "default_value": [],
                            "allow_null": 0,
                            "multiple": 0,
                            "ui": 0,
                            "ajax": 0,
                            "return_format": "value",
                            "placeholder": ""
                        }
                    ],
                    "min": "",
                    "max": ""
                },
                "5b23a994ba36a": {
                    "key": "5b23a994ba36a",
                    "name": "tweet_embed",
                    "label": "Tweet Embed",
                    "display": "block",
                    "sub_fields": [
                        {
                            "key": "field_5b23a994ba370",
                            "label": "Tweet Embed",
                            "name": "tweet_embed",
                            "type": "text",
                            "instructions": "",
                            "required": 0,
                            "conditional_logic": 0,
                            "wrapper": {
                                "width": "",
                                "class": "",
                                "id": ""
                            },
                            "default_value": "",
                            "placeholder": "",
                            "prepend": "",
                            "append": "",
                            "maxlength": ""
                        }
                    ],
                    "min": "",
                    "max": ""
                },
                "5b23aa9aba37b": {
                    "key": "5b23aa9aba37b",
                    "name": "instagram_embed",
                    "label": "Instagram Embed",
                    "display": "block",
                    "sub_fields": [
                        {
                            "key": "field_5b23aa9bba37d",
                            "label": "Instagram Embed",
                            "name": "instagram_embed",
                            "type": "oembed",
                            "instructions": "",
                            "required": 0,
                            "conditional_logic": 0,
                            "wrapper": {
                                "width": "",
                                "class": "",
                                "id": ""
                            },
                            "width": "",
                            "height": ""
                        }
                    ],
                    "min": "",
                    "max": ""
                },
                "5b23aab8ba383": {
                    "key": "5b23aab8ba383",
                    "name": "button",
                    "label": "Button",
                    "display": "block",
                    "sub_fields": [
                        {
                            "key": "field_5b23aae2ba390",
                            "label": "Button Text",
                            "name": "button_text",
                            "type": "text",
                            "instructions": "",
                            "required": 0,
                            "conditional_logic": 0,
                            "wrapper": {
                                "width": "",
                                "class": "",
                                "id": ""
                            },
                            "default_value": "",
                            "placeholder": "",
                            "prepend": "",
                            "append": "",
                            "maxlength": ""
                        },
                        {
                            "key": "field_5b23aae9ba391",
                            "label": "Button Link",
                            "name": "button_link",
                            "type": "text",
                            "instructions": "",
                            "required": 0,
                            "conditional_logic": 0,
                            "wrapper": {
                                "width": "",
                                "class": "",
                                "id": ""
                            },
                            "default_value": "",
                            "placeholder": "",
                            "prepend": "",
                            "append": "",
                            "maxlength": ""
                        }
                    ],
                    "min": "",
                    "max": ""
                },
                "5b23ab0aba392": {
                    "key": "5b23ab0aba392",
                    "name": "freeform_html",
                    "label": "Freeform HTML",
                    "display": "block",
                    "sub_fields": [
                        {
                            "key": "field_5b23ab0aba394",
                            "label": "Freeform HTML",
                            "name": "freeform_html",
                            "type": "wysiwyg",
                            "instructions": "",
                            "required": 0,
                            "conditional_logic": 0,
                            "wrapper": {
                                "width": "",
                                "class": "",
                                "id": ""
                            },
                            "default_value": "",
                            "tabs": "text",
                            "toolbar": "full",
                            "media_upload": 1,
                            "delay": 0
                        }
                    ],
                    "min": "",
                    "max": ""
                },
                "5b2b91c648bbe": {
                    "key": "5b2b91c648bbe",
                    "name": "subheader",
                    "label": "Subheader",
                    "display": "block",
                    "sub_fields": [
                        {
                            "key": "field_5b2b91d248bbf",
                            "label": "Subheader",
                            "name": "subheader",
                            "type": "text",
                            "instructions": "",
                            "required": 0,
                            "conditional_logic": 0,
                            "wrapper": {
                                "width": "",
                                "class": "",
                                "id": ""
                            },
                            "default_value": "",
                            "placeholder": "",
                            "prepend": "",
                            "append": "",
                            "maxlength": ""
                        }
                    ],
                    "min": "",
                    "max": ""
                },
                "5b2b925076822": {
                    "key": "5b2b925076822",
                    "name": "ad_unit",
                    "label": "Ad unit",
                    "display": "block",
                    "sub_fields": [
                        {
                            "key": "field_5b2b926c76823",
                            "label": "Ad unit",
                            "name": "ad_unit",
                            "type": "wysiwyg",
                            "instructions": "",
                            "required": 0,
                            "conditional_logic": 0,
                            "wrapper": {
                                "width": "",
                                "class": "",
                                "id": ""
                            },
                            "default_value": "",
                            "tabs": "all",
                            "toolbar": "full",
                            "media_upload": 1,
                            "delay": 0
                        }
                    ],
                    "min": "",
                    "max": ""
                },
                "5b5315e5fec3b": {
                    "key": "5b5315e5fec3b",
                    "name": "gallery",
                    "label": "Gallery",
                    "display": "block",
                    "sub_fields": [
                        {
                            "key": "field_5b531610fec3c",
                            "label": "Image",
                            "name": "image",
                            "type": "gallery",
                            "instructions": "",
                            "required": 0,
                            "conditional_logic": 0,
                            "wrapper": {
                                "width": "",
                                "class": "",
                                "id": ""
                            },
                            "min": "",
                            "max": "",
                            "insert": "append",
                            "library": "all",
                            "min_width": "",
                            "min_height": "",
                            "min_size": "",
                            "max_width": "",
                            "max_height": "",
                            "max_size": "",
                            "mime_types": ""
                        }
                    ],
                    "min": "",
                    "max": ""
                }
            },
            "button_label": "Add Row",
            "min": "",
            "max": ""
        },
        {
            "key": "field_5b23cec643c3b",
            "label": "Evergreen",
            "name": "evergreen",
            "type": "checkbox",
            "instructions": "",
            "required": 0,
            "conditional_logic": 0,
            "wrapper": {
                "width": "",
                "class": "",
                "id": ""
            },
            "choices": {
                "yes": "Yes"
            },
            "allow_custom": 0,
            "save_custom": 0,
            "default_value": [
                "yes"
            ],
            "layout": "vertical",
            "toggle": 0,
            "return_format": "value"
        },
        {
            "key": "field_5b23cf1c2cdfa",
            "label": "Sponsored",
            "name": "sponsored",
            "type": "checkbox",
            "instructions": "",
            "required": 0,
            "conditional_logic": 0,
            "wrapper": {
                "width": "",
                "class": "",
                "id": ""
            },
            "choices": {
                "yes": "Yes"
            },
            "allow_custom": 0,
            "save_custom": 0,
            "default_value": [],
            "layout": "vertical",
            "toggle": 0,
            "return_format": "value"
        },
        {
            "key": "field_5b2d0db29b8b1",
            "label": "Hungry for more?",
            "name": "hungry_for_more",
            "type": "checkbox",
            "instructions": "",
            "required": 0,
            "conditional_logic": 0,
            "wrapper": {
                "width": "",
                "class": "",
                "id": ""
            },
            "choices": {
                "enabled": "Enabled"
            },
            "allow_custom": 0,
            "save_custom": 0,
            "default_value": [],
            "layout": "vertical",
            "toggle": 0,
            "return_format": "value"
        },
        {
            "key": "field_5b391b52ed8d8",
            "label": "Credits",
            "name": "article_info",
            "type": "textarea",
            "instructions": "Please place one entry per line and the @@@ place holder to separate label from value (e.g.: Director@@@Rankin)",
            "required": 0,
            "conditional_logic": 0,
            "wrapper": {
                "width": "",
                "class": "",
                "id": ""
            },
            "default_value": "",
            "placeholder": "",
            "maxlength": "",
            "rows": "",
            "new_lines": ""
        },
        {
            "key": "field_5b571acce1bed",
            "label": "Excerpt",
            "name": "article_excerpt",
            "type": "wysiwyg",
            "instructions": "",
            "required": 1,
            "conditional_logic": 0,
            "wrapper": {
                "width": "",
                "class": "",
                "id": ""
            },
            "default_value": "",
            "tabs": "all",
            "toolbar": "full",
            "media_upload": 1,
            "delay": 0
        }
    ],
    "location": [
        [
            {
                "param": "htv_post",
                "operator": "==",
                "value": "htv_4"
            }
        ],
        [
            {
                "param": "post_type",
                "operator": "==",
                "value": "editorial"
            }
        ]
    ],
    "menu_order": 0,
    "position": "normal",
    "style": "default",
    "label_placement": "top",
    "instruction_placement": "label",
    "hide_on_screen": [
        "the_content"
    ],
    "active": 1,
    "description": "",
    "modified": 1533739197
}